<?xml version="1.0" encoding="UTF-8"?>
<!--
    Copyright (c) 2020, Oracle and/or its affiliates.
    Licensed under the Universal Permissive License v 1.0 as shown at
    https://oss.oracle.com/licenses/upl.
-->
<assembly xmlns="http://maven.apache.org/plugins/maven-assembly-plugin/assembly/1.1.2"
          xmlns:xsi="http://www.w3.org/2001/XMLSchema-instance"
          xsi:schemaLocation="http://maven.apache.org/plugins/maven-assembly-plugin/assembly/1.1.2 http://maven.apache.org/xsd/assembly-1.1.2.xsd">
  <id>coherence</id>
  <formats>
    <format>dir</format>
  </formats>
  <includeBaseDirectory>false</includeBaseDirectory>
  <dependencySets>
    <!-- add to the image to support management and metrics endpoints running under Jersey -->
    <dependencySet>
      <useProjectArtifact>false</useProjectArtifact>
      <outputDirectory>coherence/thirdparty/lib</outputDirectory>
      <includes>
        <include>org.glassfish.hk2*:*</include>
        <include>org.glassfish.jersey.core:*</include>
        <include>org.glassfish.jersey.bundles.repackaged:jersey-guava</include>
        <include>org.glassfish.jersey.inject:jersey-hk2</include>
        <include>org.glassfish.jersey.media:jersey-media-json-jackson</include>
        <include>org.glassfish.jersey.ext:jersey-entity-filtering</include>
        <include>com.fasterxml.jackson.*:*</include>
        <include>jakarta.ws.rs:jakarta.ws.rs-api</include>
        <include>jakarta.annotation:jakarta.annotation-api</include>
        <include>javax.validation:*</include>
      </includes>
      <outputFileNameMapping>${artifact.artifactId}.${artifact.extension}</outputFileNameMapping>
      <fileMode>755</fileMode>
    </dependencySet>
  </dependencySets>
  <fileSets>
    <fileSet>
      <directory>src/main/docker</directory>
      <outputDirectory/>
      <excludes>
        <exclude>*.sh</exclude>
      </excludes>
      <fileMode>755</fileMode>
      <filtered>false</filtered>
    </fileSet>
    <fileSet>
      <directory>src/main/docker</directory>
      <outputDirectory/>
      <includes>
        <include>*.sh</include>
      </includes>
      <fileMode>755</fileMode>
      <filtered>false</filtered>
    </fileSet>
  </fileSets>
</assembly>
